<?xml version="1.0" encoding="UTF-8"?>
<!-- Fichier de configuration ORM (Object-Relational Mapping) qui décrit 
	le lien entre les objets Java et les tables relationnelles de la base de 
	données. Il faut déclarer un élément entity pour chaque objet Java utilisé 
	et configurer le lien des attributs Java avec les différentes colonnes de 
	la base de données. -->
<entity-mappings version="2.0"
	xmlns="http://java.sun.com/xml/ns/persistence/orm" xmlns:xsi="http://www.w3.org/2001/XMLSchema-instance"
	xsi:schemaLocation="http://java.sun.com/xml/ns/persistence/orm http://java.sun.com/xml/ns/persistence/orm_2_0.xsd">


	<entity class="fr.formation.TipTopTravel.entity.City">
		<table name="city" />
		<attributes>
			<id name="cityID">
				<column name="cityID" />
				<generated-value strategy="IDENTITY" />
			</id>
			<basic name="cityName">
				<column name="cityName" />
			</basic>
		</attributes>
	</entity>
	
	<entity class="fr.formation.TipTopTravel.entity.Country">
		<table name="country" />
		<attributes>
			<id name="countryID">
				<column name="countryID" />
				<generated-value strategy="IDENTITY" />
			</id>
			<basic name="countryName">
				<column name="countryName" />
			</basic>
			<basic name="emergencyNumber">
				<column name="emergencyNumber" />
			</basic>
			<basic name="money">
				<column name="money" />
			</basic>
			<basic name="timeZone">
				<column name="timeZone" />
			</basic>
			<one-to-many name="cityList">
				<join-column name="countryID" referenced-column-name="countryID"/>
			</one-to-many>
			<one-to-one name="suitcase">
				<join-column name="suitcaseID" referenced-column-name="suitcaseID"/>
			</one-to-one>
		</attributes>
	</entity>
	
	
	<entity class="fr.formation.TipTopTravel.entity.Suitcase">
		<table name="suitcase" />
		<attributes>
			<id name="suitcaseID">
				<column name="suitcaseID" />
				<generated-value strategy="IDENTITY" />
			</id>
			<one-to-many name="medecines" fetch="EAGER">
				<join-column name="suitcaseID" referenced-column-name="suitcaseID"/>
			</one-to-many>
			<one-to-many name="documents" fetch="EAGER" >
				<join-column name="suitcaseID" referenced-column-name="suitcaseID"/>
			</one-to-many>
			<one-to-many name="multimedias" fetch="EAGER">
				<join-column name="suitcaseID" referenced-column-name="suitcaseID"/>
			</one-to-many>
			<one-to-many name="hygieneObjects" fetch="EAGER">
				<join-column name="suitcaseID" referenced-column-name="suitcaseID"/>
			</one-to-many>
		</attributes>
	</entity>
	
	
	<entity class="fr.formation.TipTopTravel.entity.HygieneObjects">
		<table name="hygieneobjects" />
		<attributes>
			<id name="hygieneObjectID">
				<column name="hygieneObjectID" />
				<generated-value strategy="IDENTITY" />
			</id>
			<basic name="hygieneObjectName">
				<column name="hygieneObjectName" />
			</basic>
		</attributes>
	</entity>
	
	<entity class="fr.formation.TipTopTravel.entity.Documents">
		<table name="documents" />
		<attributes>
			<id name="documentID">
				<column name="documentID" />
				<generated-value strategy="IDENTITY" />
			</id>
			<basic name="documentName">
				<column name="documentName" />
			</basic>
		</attributes>
	</entity>
	
	<entity class="fr.formation.TipTopTravel.entity.Medecine">
		<table name="medecine" />
		<attributes>
			<id name="medecineID">
				<column name="medecineID" />
				<generated-value strategy="IDENTITY" />
			</id>
			<basic name="medecineName">
				<column name="medecineName" />
			</basic>
		</attributes>
	</entity>
	
	<entity class="fr.formation.TipTopTravel.entity.Multimedia">
		<table name="multimedia" />
		<attributes>
			<id name="multimediaID">
				<column name="multimediaID" />
				<generated-value strategy="IDENTITY" />
			</id>
			<basic name="multimediaName">
				<column name="multimediaName" />
			</basic>
		</attributes>
	</entity>
	
	
	
	<entity class="fr.formation.TipTopTravel.entity.VocabularyCategory">
		<table name="vocabularycategory" />
		<attributes>
			<id name="vocabularyCategoryID">
				<column name="vocabularyCategoryID" />
				<generated-value strategy="IDENTITY" />
			</id>
			<basic name="vocabularyCategorName">
				<column name="vocabularyCategorName" />
			</basic>
		</attributes>
	</entity>
	
	<entity class="fr.formation.TipTopTravel.entity.Vocabulary">
		<table name="vocabulary" />
		<attributes>
			<id name="vocabularyID">
				<column name="vocabularyID" />
				<generated-value strategy="IDENTITY" />
			</id>
			<basic name="word">
				<column name="word" />
			</basic>
			<basic name="phrase">
				<column name="phrase" />
			</basic>
			<many-to-one name="country">
				<join-column name="countryID" referenced-column-name="countryID"/>
			</many-to-one>
			<one-to-one name="vocabularyCategory">
				<join-column name="vocabularyCategoryID" referenced-column-name="vocabularyCategoryID"/>
			</one-to-one>
		</attributes>
	</entity>
	
	
</entity-mappings>